Elapsed time,Server Hits per Second
16:42:24.0,3.0
16:42:25.0,6.0
16:42:26.0,6.0
16:42:27.0,3.0
16:42:28.0,6.0
16:42:29.0,6.0
16:42:30.0,3.0
16:42:31.0,6.0
16:42:32.0,20.0
16:42:33.0,17.0
16:42:34.0,13.0
16:42:35.0,20.0
16:42:36.0,17.0
16:42:37.0,13.0
16:42:38.0,20.0
16:42:39.0,17.0
16:42:40.0,34.0
16:42:41.0,27.0
16:42:42.0,31.0
16:42:43.0,27.0
16:42:44.0,27.0
16:42:45.0,31.0
16:42:46.0,27.0
16:42:47.0,41.0
16:42:48.0,38.0
16:42:49.0,41.0
16:42:50.0,41.0
16:42:51.0,40.0
16:42:52.0,39.0
16:42:53.0,41.0
16:42:54.0,40.0
16:42:55.0,55.0
16:42:56.0,53.0
16:42:57.0,59.0
16:42:58.0,48.0
16:42:59.0,50.0
16:43:00.0,56.0
16:43:01.0,49.0
16:43:02.0,62.0
16:43:03.0,66.0
16:43:04.0,61.0
16:43:05.0,58.0
16:43:06.0,55.0
16:43:07.0,53.0
16:43:08.0,51.0
16:43:09.0,70.0
16:43:10.0,58.0
16:43:11.0,60.0
16:43:12.0,66.0
16:43:13.0,61.0
16:43:14.0,33.0
16:43:15.0,75.0
16:43:16.0,29.0
16:43:17.0,90.0
16:43:18.0,25.0
16:43:19.0,95.0
16:43:20.0,24.0
16:43:21.0,87.0
16:43:22.0,22.0
16:43:23.0,22.0
16:43:24.0,94.0
16:43:25.0,16.0
16:43:26.0,30.0
16:43:27.0,91.0
16:43:28.0,23.0
16:43:29.0,109.0
16:43:30.0,20.0
16:43:31.0,46.0
16:43:32.0,109.0
16:43:33.0,12.0
16:43:34.0,46.0
16:43:35.0,12.0
16:43:36.0,140.0
16:43:37.0,27.0
16:43:38.0,17.0
16:43:39.0,26.0
16:43:40.0,127.0
16:43:41.0,29.0
16:43:42.0,21.0
16:43:43.0,115.0
16:43:44.0,33.0
16:43:45.0,37.0
16:43:46.0,110.0
16:43:47.0,28.0
16:43:48.0,44.0
16:43:49.0,24.0
16:43:50.0,124.0
16:43:51.0,49.0
16:43:52.0,34.0
16:43:53.0,15.0
16:43:54.0,153.0
16:43:55.0,30.0
16:43:56.0,17.0
16:43:57.0,151.0
16:43:58.0,54.0
16:43:59.0,8.0
16:44:00.0,33.0
16:44:01.0,170.0
16:44:02.0,10.0
16:44:03.0,6.0
16:44:04.0,163.0
16:44:05.0,54.0
16:44:06.0,6.0
16:44:07.0,12.0
16:44:08.0,77.0
16:44:09.0,129.0
16:44:10.0,8.0
16:44:11.0,16.0
16:44:12.0,116.0
16:44:13.0,126.0
16:44:14.0,12.0
16:44:15.0,42.0
16:44:16.0,140.0
16:44:17.0,33.0
16:44:18.0,88.0
16:44:19.0,48.0
16:44:20.0,6.0
16:44:21.0,16.0
16:44:22.0,53.0
16:44:23.0,171.0
16:44:24.0,22.0
16:44:25.0,100.0
16:44:26.0,52.0
16:44:27.0,22.0
16:44:28.0,18.0
16:44:29.0,155.0
16:44:30.0,91.0
16:44:31.0,28.0
16:44:32.0,152.0
16:44:33.0,50.0
16:44:34.0,4.0
16:44:35.0,16.0
16:44:36.0,85.0
16:44:37.0,19.0
16:44:38.0,28.0
16:44:39.0,101.0
16:44:40.0,165.0
16:44:41.0,40.0
16:44:42.0,14.0
16:44:43.0,85.0
16:44:44.0,69.0
16:44:45.0,26.0
16:44:46.0,57.0
16:44:47.0,147.0
16:44:48.0,97.0
16:44:49.0,16.0
16:44:50.0,138.0
16:44:51.0,24.0
16:44:52.0,47.0
16:44:53.0,21.0
16:44:54.0,120.0
16:44:55.0,28.0
16:44:56.0,18.0
16:44:57.0,71.0
16:44:58.0,70.0
16:44:59.0,66.0
16:45:00.0,18.0
16:45:01.0,144.0
16:45:02.0,40.0
16:45:03.0,18.0
16:45:04.0,188.0
16:45:05.0,50.0
16:45:06.0,39.0
16:45:07.0,20.0
16:45:08.0,169.0
16:45:09.0,13.0
16:45:10.0,47.0
16:45:11.0,39.0
16:45:12.0,45.0
16:45:13.0,34.0
16:45:14.0,21.0
16:45:15.0,203.0
16:45:16.0,73.0
16:45:17.0,31.0
16:45:18.0,22.0
16:45:19.0,42.0
16:45:20.0,29.0
16:45:21.0,32.0
16:45:22.0,227.0
16:45:23.0,43.0
16:45:24.0,39.0
16:45:25.0,147.0
16:45:26.0,32.0
16:45:27.0,31.0
16:45:28.0,53.0
16:45:29.0,106.0
16:45:30.0,21.0
16:45:31.0,35.0
16:45:32.0,95.0
16:45:33.0,49.0
16:45:34.0,20.0
16:45:35.0,17.0
16:45:36.0,114.0
16:45:37.0,10.0
16:45:38.0,62.0
16:45:39.0,95.0
16:45:40.0,42.0
16:45:41.0,40.0
16:45:42.0,12.0
16:45:43.0,181.0
16:45:44.0,31.0
16:45:45.0,131.0
16:45:46.0,60.0
16:45:47.0,47.0
16:45:48.0,21.0
16:45:49.0,22.0
16:45:50.0,214.0
16:45:51.0,5.0
16:45:52.0,80.0
16:45:53.0,91.0
16:45:54.0,43.0
16:45:55.0,18.0
16:45:56.0,20.0
16:45:57.0,264.0
16:45:58.0,4.0
16:45:59.0,30.0
16:46:00.0,47.0
16:46:01.0,39.0
16:46:02.0,12.0
16:46:03.0,2.0
16:46:04.0,218.0
16:46:05.0,6.0
16:46:06.0,69.0
16:46:07.0,39.0
16:46:08.0,49.0
16:46:09.0,10.0
16:46:10.0,4.0
16:46:11.0,215.0
16:46:12.0,2.0
16:46:13.0,135.0
16:46:14.0,54.0
16:46:15.0,42.0
16:46:16.0,16.0
16:46:17.0,4.0
16:46:18.0,249.0
16:46:19.0,3.0
16:46:20.0,36.0
16:46:21.0,42.0
16:46:22.0,104.0
16:46:23.0,8.0
16:46:24.0,2.0
16:46:25.0,223.0
16:46:26.0,4.0
16:46:27.0,93.0
16:46:28.0,76.0
16:46:29.0,34.0
16:46:30.0,8.0
16:46:31.0,4.0
16:46:32.0,366.0
16:46:33.0,1.0
16:46:34.0,33.0
16:46:35.0,68.0
16:46:36.0,53.0
16:46:37.0,7.0
16:46:38.0,6.0
16:46:39.0,93.0
16:46:40.0,2.0
16:46:41.0,21.0
16:46:42.0,9.0
16:46:43.0,78.0
16:46:44.0,10.0
16:46:45.0,26.0
16:46:46.0,173.0
16:46:47.0,8.0
16:46:48.0,72.0
16:46:49.0,75.0
16:46:50.0,54.0
16:46:51.0,8.0
16:46:52.0,24.0
16:46:53.0,324.0
16:46:54.0,2.0
16:46:55.0,42.0
16:46:56.0,80.0
16:46:57.0,69.0
16:46:58.0,8.0
16:46:59.0,36.0
16:47:00.0,237.0
16:47:01.0,4.0
16:47:02.0,20.0
16:47:03.0,27.0
16:47:04.0,120.0
16:47:05.0,26.0
16:47:06.0,30.0
16:47:07.0,289.0
16:47:08.0,6.0
16:47:09.0,41.0
16:47:10.0,152.0
16:47:11.0,99.0
16:47:12.0,8.0
16:47:13.0,22.0
16:47:14.0,246.0
16:47:15.0,2.0
16:47:16.0,40.0
16:47:17.0,9.0
16:47:18.0,59.0
16:47:19.0,10.0
16:47:20.0,40.0
16:47:21.0,103.0
16:47:22.0,16.0
16:47:23.0,15.0
16:47:24.0,3.0
16:47:25.0,19.0
16:47:26.0,15.0
16:47:27.0,46.0
16:47:28.0,104.0
16:47:29.0,52.0
16:47:30.0,78.0
16:47:31.0,40.0
16:47:32.0,52.0
16:47:33.0,73.0
16:47:34.0,80.0
16:47:35.0,236.0
16:47:36.0,12.0
16:47:37.0,341.0
16:47:38.0,103.0
16:47:39.0,62.0
16:47:40.0,87.0
16:47:41.0,106.0
16:47:42.0,187.0
16:47:43.0,4.0
16:47:44.0,102.0
16:47:45.0,30.0
16:47:46.0,61.0
16:47:47.0,23.0
16:47:48.0,82.0
16:47:49.0,115.0
16:47:50.0,6.0
16:47:51.0,26.0
16:47:52.0,94.0
16:47:53.0,161.0
16:47:54.0,27.0
16:47:55.0,32.0
16:47:56.0,393.0
16:47:57.0,1.0
16:47:58.0,42.0
16:47:59.0,45.0
16:48:00.0,169.0
16:48:01.0,24.0
16:48:02.0,4.0
16:48:03.0,112.0
16:48:04.0,60.0
16:48:05.0,47.0
16:48:06.0,26.0
16:48:07.0,154.0
16:48:08.0,85.0
16:48:09.0,4.0
16:48:10.0,142.0
16:48:11.0,106.0
16:48:12.0,210.0
16:48:13.0,15.0
16:48:14.0,70.0
16:48:15.0,27.0
16:48:16.0,164.0
16:48:17.0,208.0
16:48:18.0,22.0
16:48:19.0,35.0
16:48:20.0,8.0
16:48:21.0,184.0
16:48:22.0,58.0
16:48:23.0,107.0
16:48:24.0,94.0
16:48:25.0,114.0
16:48:26.0,62.0
16:48:27.0,170.0
16:48:28.0,162.0
16:48:29.0,73.0
16:48:30.0,3.0
16:48:31.0,165.0
16:48:32.0,118.0
16:48:33.0,54.0
16:48:34.0,22.0
16:48:35.0,143.0
16:48:36.0,136.0
16:48:37.0,2.0
16:48:38.0,42.0
16:48:39.0,163.0
16:48:40.0,54.0
16:48:41.0,27.0
16:48:42.0,59.0
16:48:43.0,79.0
16:48:44.0,29.0
16:48:45.0,138.0
16:48:46.0,63.0
16:48:47.0,205.0
16:48:48.0,9.0
16:48:49.0,79.0
16:48:50.0,180.0
16:48:51.0,67.0
16:48:52.0,86.0
16:48:53.0,72.0
16:48:54.0,119.0
16:48:55.0,23.0
16:48:56.0,145.0
16:48:57.0,196.0
16:48:58.0,4.0
16:48:59.0,218.0
16:49:00.0,134.0
16:49:01.0,195.0
16:49:02.0,33.0
16:49:03.0,141.0
16:49:04.0,285.0
16:49:05.0,66.0
16:49:06.0,129.0
16:49:07.0,58.0
16:49:08.0,154.0
16:49:09.0,40.0
16:49:10.0,52.0
16:49:11.0,145.0
16:49:12.0,8.0
16:49:13.0,100.0
16:49:14.0,71.0
16:49:15.0,265.0
16:49:16.0,60.0
16:49:17.0,77.0
16:49:18.0,228.0
16:49:19.0,47.0
16:49:20.0,82.0
16:49:21.0,33.0
16:49:22.0,99.0
16:49:23.0,86.0
16:49:24.0,17.0
16:49:25.0,195.0
16:49:26.0,70.0
16:49:27.0,87.0
16:49:28.0,68.0
16:49:29.0,312.0
16:49:30.0,42.0
16:49:31.0,79.0
16:49:32.0,260.0
16:49:33.0,115.0
16:49:34.0,444.0
16:49:35.0,31.0
16:49:36.0,143.0
16:49:37.0,78.0
16:49:38.0,225.0
16:49:39.0,197.0
16:49:40.0,48.0
16:49:41.0,250.0
16:49:42.0,41.0
16:49:43.0,76.0
16:49:44.0,58.0
16:49:45.0,132.0
16:49:46.0,295.0
16:49:47.0,33.0
16:49:48.0,369.0
16:49:49.0,37.0
16:49:50.0,101.0
16:49:51.0,53.0
16:49:52.0,78.0
16:49:53.0,204.0
16:49:54.0,110.0
16:49:55.0,281.0
16:49:56.0,49.0
16:49:57.0,196.0
16:49:58.0,59.0
16:49:59.0,101.0
16:50:00.0,267.0
16:50:01.0,87.0
16:50:02.0,251.0
16:50:03.0,28.0
16:50:04.0,278.0
16:50:05.0,120.0
16:50:06.0,74.0
16:50:07.0,160.0
16:50:08.0,54.0
16:50:09.0,92.0
16:50:10.0,78.0
16:50:11.0,135.0
16:50:12.0,63.0
16:50:13.0,51.0
16:50:14.0,159.0
16:50:15.0,42.0
16:50:16.0,94.0
16:50:17.0,131.0
16:50:18.0,118.0
16:50:19.0,114.0
16:50:20.0,130.0
16:50:21.0,378.0
16:50:22.0,137.0
16:50:23.0,237.0
16:50:24.0,42.0
16:50:25.0,140.0
16:50:26.0,174.0
16:50:27.0,179.0
16:50:28.0,166.0
16:50:29.0,114.0
16:50:30.0,166.0
16:50:31.0,55.0
16:50:32.0,103.0
16:50:33.0,180.0
16:50:34.0,53.0
16:50:35.0,216.0
16:50:36.0,73.0
16:50:37.0,204.0
16:50:38.0,65.0
16:50:39.0,210.0
16:50:40.0,64.0
16:50:41.0,89.0
16:50:42.0,133.0
16:50:43.0,209.0
16:50:44.0,86.0
16:50:45.0,50.0
16:50:46.0,57.0
16:50:47.0,116.0
16:50:48.0,30.0
16:50:49.0,181.0
16:50:50.0,81.0
16:50:51.0,180.0
16:50:52.0,66.0
16:50:53.0,240.0
16:50:54.0,120.0
16:50:55.0,98.0
16:50:56.0,277.0
16:50:57.0,159.0
16:50:58.0,299.0
16:50:59.0,119.0
16:51:00.0,66.0
16:51:01.0,85.0
16:51:02.0,134.0
16:51:03.0,131.0
16:51:04.0,92.0
16:51:05.0,150.0
16:51:06.0,111.0
16:51:07.0,101.0
16:51:08.0,107.0
16:51:09.0,64.0
16:51:10.0,357.0
16:51:11.0,58.0
16:51:12.0,344.0
16:51:13.0,124.0
16:51:14.0,165.0
16:51:15.0,76.0
16:51:16.0,253.0
16:51:17.0,104.0
16:51:18.0,80.0
16:51:19.0,41.0
16:51:20.0,130.0
16:51:21.0,99.0
16:51:22.0,147.0
16:51:23.0,113.0
16:51:24.0,224.0
16:51:25.0,68.0
16:51:26.0,95.0
16:51:27.0,392.0
16:51:28.0,206.0
16:51:29.0,99.0
16:51:30.0,87.0
16:51:31.0,170.0
16:51:32.0,265.0
16:51:33.0,90.0
16:51:34.0,125.0
16:51:35.0,52.0
16:51:36.0,99.0
16:51:37.0,84.0
16:51:38.0,250.0
16:51:39.0,188.0
16:51:40.0,73.0
16:51:41.0,213.0
16:51:42.0,184.0
16:51:43.0,235.0
16:51:44.0,197.0
16:51:45.0,204.0
16:51:46.0,146.0
16:51:47.0,100.0
16:51:48.0,224.0
16:51:49.0,153.0
16:51:50.0,110.0
16:51:51.0,48.0
16:51:52.0,174.0
16:51:53.0,121.0
16:51:54.0,166.0
16:51:55.0,170.0
16:51:56.0,110.0
16:51:57.0,229.0
16:51:58.0,265.0
16:51:59.0,234.0
16:52:00.0,200.0
16:52:01.0,111.0
16:52:02.0,110.0
16:52:03.0,148.0
16:52:04.0,149.0
16:52:05.0,152.0
16:52:06.0,168.0
16:52:07.0,113.0
16:52:08.0,183.0
16:52:09.0,303.0
16:52:10.0,101.0
16:52:11.0,207.0
16:52:12.0,146.0
16:52:13.0,158.0
16:52:14.0,157.0
16:52:15.0,167.0
16:52:16.0,191.0
16:52:17.0,74.0
16:52:18.0,186.0
16:52:19.0,164.0
16:52:20.0,182.0
16:52:21.0,149.0
16:52:22.0,157.0
16:52:23.0,92.0
16:52:24.0,126.0
16:52:25.0,124.0
16:52:26.0,140.0
16:52:27.0,81.0
16:52:28.0,72.0
16:52:29.0,118.0
16:52:30.0,267.0
16:52:31.0,115.0
16:52:32.0,275.0
16:52:33.0,74.0
16:52:34.0,237.0
16:52:35.0,280.0
16:52:36.0,115.0
16:52:37.0,142.0
16:52:38.0,153.0
16:52:39.0,246.0
16:52:40.0,102.0
16:52:41.0,148.0
16:52:42.0,160.0
16:52:43.0,85.0
16:52:44.0,60.0
16:52:45.0,135.0
16:52:46.0,247.0
16:52:47.0,68.0
16:52:48.0,187.0
16:52:49.0,195.0
16:52:50.0,220.0
16:52:51.0,402.0
16:52:52.0,56.0
16:52:53.0,179.0
16:52:54.0,205.0
16:52:55.0,241.0
16:52:56.0,100.0
16:52:57.0,89.0
16:52:58.0,250.0
16:52:59.0,50.0
16:53:00.0,154.0
16:53:01.0,85.0
16:53:02.0,303.0
16:53:03.0,44.0
16:53:04.0,78.0
16:53:05.0,253.0
16:53:06.0,227.0
16:53:07.0,223.0
16:53:08.0,42.0
16:53:09.0,150.0
16:53:10.0,245.0
16:53:11.0,150.0
16:53:12.0,138.0
16:53:13.0,60.0
16:53:14.0,323.0
16:53:15.0,51.0
16:53:16.0,147.0
16:53:17.0,136.0
16:53:18.0,188.0
16:53:19.0,128.0
16:53:20.0,80.0
16:53:21.0,187.0
16:53:22.0,263.0
16:53:23.0,144.0
16:53:24.0,310.0
16:53:25.0,119.0
16:53:26.0,303.0
16:53:27.0,57.0
16:53:28.0,172.0
16:53:29.0,103.0
16:53:30.0,296.0
16:53:31.0,118.0
16:53:32.0,80.0
16:53:33.0,210.0
16:53:34.0,134.0
16:53:35.0,165.0
16:53:36.0,27.0
16:53:37.0,320.0
16:53:38.0,254.0
16:53:39.0,75.0
16:53:40.0,351.0
16:53:41.0,97.0
16:53:42.0,253.0
16:53:43.0,73.0
16:53:44.0,194.0
16:53:45.0,179.0
16:53:46.0,123.0
16:53:47.0,322.0
16:53:48.0,81.0
16:53:49.0,146.0
16:53:50.0,74.0
16:53:51.0,224.0
16:53:52.0,238.0
16:53:53.0,120.0
16:53:54.0,218.0
16:53:55.0,116.0
16:53:56.0,118.0
16:53:57.0,114.0
16:53:58.0,164.0
16:53:59.0,152.0
16:54:00.0,84.0
16:54:01.0,250.0
16:54:02.0,152.0
16:54:03.0,216.0
16:54:04.0,83.0
16:54:05.0,289.0
16:54:06.0,136.0
16:54:07.0,108.0
16:54:08.0,169.0
16:54:09.0,208.0
16:54:10.0,192.0
16:54:11.0,62.0
16:54:12.0,129.0
16:54:13.0,353.0
16:54:14.0,151.0
16:54:15.0,191.0
16:54:16.0,144.0
16:54:17.0,338.0
16:54:18.0,57.0
16:54:19.0,218.0
16:54:20.0,163.0
16:54:21.0,216.0
16:54:22.0,208.0
16:54:23.0,62.0
16:54:24.0,278.0
16:54:25.0,118.0
16:54:26.0,147.0
16:54:27.0,298.0
16:54:28.0,151.0
16:54:29.0,419.0
16:54:30.0,54.0
16:54:31.0,178.0
16:54:32.0,81.0
16:54:33.0,181.0
16:54:34.0,125.0
16:54:35.0,109.0
16:54:36.0,139.0
16:54:37.0,57.0
16:54:38.0,104.0
16:54:39.0,49.0
16:54:40.0,101.0
16:54:41.0,197.0
16:54:42.0,114.0
16:54:43.0,179.0
16:54:44.0,150.0
16:54:45.0,308.0
16:54:46.0,140.0
16:54:47.0,253.0
16:54:48.0,430.0
16:54:49.0,103.0
16:54:50.0,363.0
16:54:51.0,84.0
16:54:52.0,269.0
16:54:53.0,56.0
16:54:54.0,191.0
16:54:55.0,183.0
16:54:56.0,69.0
16:54:57.0,82.0
16:54:58.0,77.0
16:54:59.0,155.0
16:55:00.0,132.0
16:55:01.0,110.0
16:55:02.0,295.0
16:55:03.0,126.0
16:55:04.0,338.0
16:55:05.0,76.0
16:55:06.0,129.0
16:55:07.0,109.0
16:55:08.0,213.0
16:55:09.0,86.0
16:55:10.0,112.0
16:55:11.0,236.0
16:55:12.0,95.0
16:55:13.0,107.0
16:55:14.0,126.0
16:55:15.0,103.0
16:55:16.0,272.0
16:55:17.0,146.0
16:55:18.0,354.0
16:55:19.0,66.0
16:55:20.0,313.0
16:55:21.0,164.0
16:55:22.0,173.0
16:55:23.0,287.0
16:55:24.0,153.0
16:55:25.0,245.0
16:55:26.0,81.0
16:55:27.0,95.0
16:55:28.0,98.0
16:55:29.0,98.0
16:55:30.0,158.0
16:55:31.0,201.0
16:55:32.0,161.0
16:55:33.0,118.0
16:55:34.0,153.0
16:55:35.0,201.0
16:55:36.0,105.0
16:55:37.0,168.0
16:55:38.0,90.0
16:55:39.0,336.0
16:55:40.0,82.0
16:55:41.0,142.0
16:55:42.0,300.0
16:55:43.0,165.0
16:55:44.0,136.0
16:55:45.0,246.0
16:55:46.0,349.0
16:55:47.0,76.0
16:55:48.0,14.0
16:55:49.0,151.0
16:55:50.0,213.0
16:55:51.0,230.0
16:55:52.0,100.0
16:55:53.0,123.0
16:55:54.0,404.0
16:55:55.0,129.0
16:55:56.0,214.0
16:55:57.0,127.0
16:55:58.0,243.0
16:55:59.0,64.0
16:56:00.0,93.0
16:56:01.0,204.0
16:56:02.0,110.0
16:56:03.0,105.0
16:56:04.0,27.0
16:56:05.0,266.0
16:56:06.0,126.0
16:56:07.0,116.0
16:56:08.0,283.0
16:56:09.0,70.0
16:56:10.0,191.0
16:56:11.0,54.0
16:56:12.0,288.0
16:56:13.0,209.0
16:56:14.0,172.0
16:56:15.0,178.0
16:56:16.0,49.0
16:56:17.0,206.0
16:56:18.0,176.0
16:56:19.0,186.0
16:56:20.0,108.0
16:56:21.0,88.0
16:56:22.0,378.0
16:56:23.0,92.0
16:56:24.0,178.0
16:56:25.0,79.0
16:56:26.0,215.0
16:56:27.0,98.0
16:56:28.0,127.0
16:56:29.0,237.0
16:56:30.0,51.0
16:56:31.0,92.0
16:56:32.0,98.0
16:56:33.0,262.0
16:56:34.0,137.0
16:56:35.0,124.0
16:56:36.0,277.0
16:56:37.0,93.0
16:56:38.0,192.0
16:56:39.0,135.0
16:56:40.0,245.0
16:56:41.0,241.0
16:56:42.0,147.0
16:56:43.0,247.0
16:56:44.0,57.0
16:56:45.0,175.0
16:56:46.0,42.0
16:56:47.0,231.0
16:56:48.0,97.0
16:56:49.0,138.0
16:56:50.0,214.0
16:56:51.0,163.0
16:56:52.0,119.0
16:56:53.0,69.0
16:56:54.0,258.0
16:56:55.0,303.0
16:56:56.0,116.0
16:56:57.0,250.0
16:56:58.0,111.0
16:56:59.0,286.0
16:57:00.0,132.0
16:57:01.0,262.0
16:57:02.0,124.0
16:57:03.0,206.0
16:57:04.0,233.0
16:57:05.0,69.0
16:57:06.0,314.0
16:57:07.0,64.0
16:57:08.0,129.0
16:57:09.0,181.0
16:57:10.0,185.0
16:57:11.0,248.0
16:57:12.0,82.0
16:57:13.0,211.0
16:57:14.0,119.0
16:57:15.0,157.0
16:57:16.0,112.0
16:57:17.0,231.0
16:57:18.0,144.0
16:57:19.0,56.0
16:57:20.0,245.0
16:57:21.0,115.0
16:57:22.0,224.0
16:57:23.0,62.0
16:57:24.0,100.0
16:57:25.0,326.0
16:57:26.0,114.0
16:57:27.0,247.0
16:57:28.0,53.0
16:57:29.0,192.0
16:57:30.0,225.0
16:57:31.0,147.0
16:57:32.0,345.0
16:57:33.0,45.0
16:57:34.0,173.0
16:57:35.0,96.0
16:57:36.0,235.0
16:57:37.0,168.0
16:57:38.0,82.0
16:57:39.0,245.0
16:57:40.0,107.0
16:57:41.0,224.0
16:57:42.0,165.0
16:57:43.0,156.0
16:57:44.0,177.0
16:57:45.0,50.0
16:57:46.0,268.0
16:57:47.0,178.0
16:57:48.0,249.0
16:57:49.0,24.0
16:57:50.0,181.0
16:57:51.0,124.0
16:57:52.0,154.0
16:57:53.0,164.0
16:57:54.0,86.0
16:57:55.0,190.0
16:57:56.0,86.0
16:57:57.0,244.0
16:57:58.0,180.0
16:57:59.0,123.0
16:58:00.0,592.0
16:58:01.0,62.0
16:58:02.0,217.0
16:58:03.0,93.0
16:58:04.0,248.0
16:58:05.0,89.0
16:58:06.0,128.0
16:58:07.0,332.0
16:58:08.0,64.0
16:58:09.0,145.0
16:58:10.0,58.0
16:58:11.0,237.0
16:58:12.0,111.0
16:58:13.0,45.0
16:58:14.0,305.0
16:58:15.0,131.0
16:58:16.0,261.0
16:58:17.0,48.0
16:58:18.0,146.0
16:58:19.0,153.0
16:58:20.0,100.0
16:58:21.0,321.0
16:58:22.0,120.0
16:58:23.0,225.0
16:58:24.0,42.0
16:58:25.0,116.0
16:58:26.0,113.0
16:58:27.0,159.0
16:58:28.0,235.0
16:58:29.0,66.0
16:58:30.0,245.0
16:58:31.0,130.0
16:58:32.0,188.0
16:58:33.0,383.0
16:58:34.0,51.0
16:58:35.0,397.0
16:58:36.0,100.0
16:58:37.0,151.0
16:58:38.0,117.0
16:58:39.0,259.0
16:58:40.0,142.0
16:58:41.0,30.0
16:58:42.0,302.0
16:58:43.0,50.0
16:58:44.0,470.0
16:58:45.0,32.0
16:58:46.0,86.0
16:58:47.0,138.0
16:58:48.0,244.0
16:58:49.0,256.0
16:58:50.0,88.0
16:58:51.0,109.0
16:58:52.0,118.0
16:58:53.0,90.0
16:58:54.0,45.0
16:58:55.0,92.0
16:58:56.0,235.0
16:58:57.0,41.0
16:58:58.0,282.0
16:58:59.0,48.0
16:59:00.0,387.0
16:59:01.0,121.0
16:59:02.0,119.0
16:59:03.0,446.0
16:59:04.0,188.0
16:59:05.0,315.0
16:59:06.0,41.0
16:59:07.0,201.0
16:59:08.0,156.0
16:59:09.0,178.0
16:59:10.0,414.0
16:59:11.0,67.0
16:59:12.0,319.0
16:59:13.0,37.0
16:59:14.0,136.0
16:59:15.0,178.0
16:59:16.0,148.0
16:59:17.0,275.0
16:59:18.0,31.0
16:59:19.0,41.0
16:59:20.0,121.0
16:59:21.0,164.0
16:59:22.0,164.0
16:59:23.0,20.0
16:59:24.0,264.0
16:59:25.0,74.0
16:59:26.0,201.0
16:59:27.0,117.0
16:59:28.0,191.0
16:59:29.0,377.0
16:59:30.0,33.0
16:59:31.0,323.0
16:59:32.0,104.0
16:59:33.0,400.0
16:59:34.0,132.0
16:59:35.0,104.0
16:59:36.0,390.0
16:59:37.0,105.0
16:59:38.0,218.0
16:59:39.0,64.0
16:59:40.0,404.0
16:59:41.0,115.0
16:59:42.0,25.0
16:59:43.0,199.0
16:59:44.0,160.0
16:59:45.0,256.0
16:59:46.0,54.0
16:59:47.0,139.0
16:59:48.0,226.0
16:59:49.0,139.0
16:59:50.0,126.0
16:59:51.0,59.0
16:59:52.0,299.0
16:59:53.0,64.0
16:59:54.0,132.0
16:59:55.0,258.0
16:59:56.0,173.0
16:59:57.0,306.0
16:59:58.0,70.0
16:59:59.0,526.0
17:00:00.0,100.0
17:00:01.0,153.0
17:00:02.0,99.0
17:00:03.0,191.0
17:00:04.0,216.0
17:00:05.0,70.0
17:00:06.0,320.0
17:00:07.0,74.0
17:00:08.0,122.0
17:00:09.0,143.0
17:00:10.0,134.0
17:00:11.0,224.0
17:00:12.0,83.0
17:00:13.0,495.0
17:00:14.0,61.0
17:00:15.0,126.0
17:00:16.0,219.0
17:00:17.0,154.0
17:00:18.0,159.0
17:00:19.0,159.0
17:00:20.0,290.0
17:00:21.0,87.0
17:00:22.0,185.0
17:00:23.0,252.0
17:00:24.0,162.0
17:00:25.0,235.0
17:00:26.0,60.0
17:00:27.0,454.0
17:00:28.0,78.0
17:00:29.0,132.0
17:00:30.0,334.0
17:00:31.0,65.0
17:00:32.0,102.0
17:00:33.0,165.0
17:00:34.0,351.0
17:00:35.0,84.0
17:00:36.0,62.0
17:00:37.0,243.0
17:00:38.0,249.0
17:00:39.0,209.0
17:00:40.0,42.0
17:00:41.0,502.0
17:00:42.0,148.0
17:00:43.0,67.0
17:00:44.0,244.0
17:00:45.0,150.0
17:00:46.0,105.0
17:00:47.0,91.0
17:00:48.0,228.0
17:00:49.0,113.0
17:00:50.0,102.0
17:00:51.0,106.0
17:00:52.0,76.0
17:00:53.0,225.0
17:00:54.0,33.0
17:00:55.0,197.0
17:00:56.0,101.0
17:00:57.0,355.0
17:00:58.0,535.0
17:00:59.0,48.0
17:01:00.0,125.0
17:01:01.0,170.0
17:01:02.0,212.0
17:01:03.0,90.0
17:01:04.0,168.0
17:01:05.0,194.0
17:01:06.0,37.0
17:01:07.0,186.0
17:01:08.0,109.0
17:01:09.0,421.0
17:01:10.0,76.0
17:01:11.0,24.0
17:01:12.0,205.0
17:01:13.0,412.0
17:01:14.0,262.0
17:01:15.0,87.0
17:01:16.0,287.0
17:01:17.0,295.0
17:01:18.0,111.0
17:01:19.0,324.0
17:01:20.0,12.0
17:01:21.0,93.0
17:01:22.0,106.0
17:01:23.0,170.0
17:01:24.0,90.0
17:01:25.0,126.0
17:01:26.0,108.0
17:01:27.0,67.0
17:01:28.0,150.0
17:01:29.0,305.0
17:01:30.0,280.0
17:01:31.0,142.0
17:01:32.0,60.0
17:01:33.0,465.0
17:01:34.0,99.0
17:01:35.0,51.0
17:01:36.0,210.0
17:01:37.0,227.0
17:01:38.0,65.0
17:01:39.0,18.0
17:01:40.0,241.0
17:01:41.0,64.0
17:01:42.0,159.0
17:01:43.0,62.0
17:01:44.0,389.0
17:01:45.0,149.0
17:01:46.0,112.0
17:01:47.0,182.0
17:01:48.0,153.0
17:01:49.0,210.0
17:01:50.0,133.0
17:01:51.0,163.0
17:01:52.0,190.0
17:01:53.0,92.0
17:01:54.0,356.0
17:01:55.0,47.0
17:01:56.0,270.0
17:01:57.0,147.0
17:01:58.0,185.0
17:01:59.0,241.0
17:02:00.0,140.0
17:02:01.0,282.0
17:02:02.0,62.0
17:02:03.0,191.0
17:02:04.0,232.0
17:02:05.0,234.0
17:02:06.0,273.0
17:02:07.0,15.0
17:02:08.0,249.0
17:02:09.0,80.0
17:02:10.0,253.0
17:02:11.0,70.0
17:02:12.0,226.0
17:02:13.0,150.0
17:02:14.0,79.0
17:02:15.0,311.0
17:02:16.0,80.0
17:02:17.0,251.0
17:02:18.0,70.0
17:02:19.0,188.0
17:02:20.0,334.0
17:02:21.0,131.0
17:02:22.0,286.0
17:02:23.0,68.0
17:02:24.0,311.0
17:02:25.0,210.0
17:02:26.0,225.0
17:02:27.0,278.0
17:02:28.0,69.0
17:02:29.0,372.0
17:02:30.0,53.0
17:02:31.0,274.0
17:02:32.0,136.0
17:02:33.0,127.0
17:02:34.0,107.0
17:02:35.0,70.0
17:02:36.0,109.0
17:02:37.0,138.0
17:02:38.0,146.0
17:02:39.0,129.0
17:02:40.0,72.0
17:02:41.0,343.0
17:02:42.0,93.0
17:02:43.0,263.0
17:02:44.0,124.0
17:02:45.0,258.0
17:02:46.0,223.0
17:02:47.0,173.0
17:02:48.0,178.0
17:02:49.0,88.0
17:02:50.0,194.0
17:02:51.0,150.0
17:02:52.0,205.0
17:02:53.0,207.0
17:02:54.0,152.0
17:02:55.0,376.0
17:02:56.0,98.0
17:02:57.0,172.0
17:02:58.0,180.0
17:02:59.0,250.0
17:03:00.0,121.0
17:03:01.0,71.0
17:03:02.0,134.0
17:03:03.0,114.0
17:03:04.0,121.0
17:03:05.0,135.0
17:03:06.0,223.0
17:03:07.0,228.0
17:03:08.0,174.0
17:03:09.0,434.0
17:03:10.0,69.0
17:03:11.0,107.0
17:03:12.0,166.0
17:03:13.0,295.0
17:03:14.0,129.0
17:03:15.0,133.0
17:03:16.0,253.0
17:03:17.0,46.0
17:03:18.0,111.0
17:03:19.0,118.0
17:03:20.0,270.0
17:03:21.0,119.0
17:03:22.0,139.0
17:03:23.0,461.0
17:03:24.0,113.0
17:03:25.0,333.0
17:03:26.0,152.0
17:03:27.0,149.0
17:03:28.0,138.0
17:03:29.0,206.0
17:03:30.0,275.0
17:03:31.0,128.0
17:03:32.0,139.0
17:03:33.0,152.0
17:03:34.0,202.0
17:03:35.0,305.0
17:03:36.0,82.0
17:03:37.0,385.0
17:03:38.0,98.0
17:03:39.0,450.0
17:03:40.0,89.0
17:03:41.0,150.0
17:03:42.0,84.0
17:03:43.0,151.0
17:03:44.0,137.0
17:03:45.0,119.0
17:03:46.0,95.0
17:03:47.0,108.0
17:03:48.0,46.0
17:03:49.0,107.0
17:03:50.0,106.0
17:03:51.0,238.0
17:03:52.0,49.0
17:03:53.0,182.0
17:03:54.0,217.0
17:03:55.0,327.0
17:03:56.0,129.0
17:03:57.0,83.0
17:03:58.0,168.0
17:03:59.0,163.0
17:04:00.0,189.0
17:04:01.0,232.0
17:04:02.0,75.0
17:04:03.0,54.0
17:04:04.0,125.0
17:04:05.0,150.0
17:04:06.0,70.0
17:04:07.0,115.0
17:04:08.0,142.0
17:04:09.0,184.0
17:04:10.0,170.0
17:04:11.0,227.0
17:04:12.0,323.0
17:04:13.0,74.0
17:04:14.0,83.0
17:04:15.0,315.0
17:04:16.0,285.0
17:04:17.0,114.0
17:04:18.0,65.0
17:04:19.0,370.0
17:04:20.0,95.0
17:04:21.0,148.0
17:04:22.0,278.0
17:04:23.0,116.0
17:04:24.0,193.0
17:04:25.0,156.0
17:04:26.0,201.0
17:04:27.0,114.0
17:04:28.0,160.0
17:04:29.0,290.0
17:04:30.0,64.0
17:04:31.0,200.0
17:04:32.0,136.0
17:04:33.0,124.0
17:04:34.0,63.0
17:04:35.0,200.0
17:04:36.0,275.0
17:04:37.0,49.0
17:04:38.0,248.0
17:04:39.0,276.0
17:04:40.0,139.0
17:04:41.0,59.0
17:04:42.0,144.0
17:04:43.0,415.0
17:04:44.0,126.0
17:04:45.0,97.0
17:04:46.0,245.0
17:04:47.0,225.0
17:04:48.0,43.0
17:04:49.0,127.0
17:04:50.0,370.0
17:04:51.0,154.0
17:04:52.0,90.0
17:04:53.0,387.0
17:04:54.0,323.0
17:04:55.0,49.0
17:04:56.0,14.0
17:04:57.0,222.0
17:04:58.0,313.0
17:04:59.0,149.0
17:05:00.0,241.0
17:05:01.0,196.0
17:05:02.0,134.0
17:05:03.0,25.0
17:05:04.0,223.0
17:05:05.0,207.0
17:05:06.0,296.0
17:05:07.0,275.0
17:05:08.0,184.0
17:05:09.0,211.0
17:05:10.0,123.0
17:05:11.0,165.0
17:05:12.0,162.0
17:05:13.0,189.0
17:05:14.0,240.0
17:05:15.0,130.0
17:05:16.0,91.0
17:05:17.0,149.0
17:05:18.0,429.0
17:05:19.0,156.0
17:05:20.0,126.0
17:05:21.0,116.0
17:05:22.0,108.0
17:05:23.0,128.0
17:05:24.0,178.0
17:05:25.0,131.0
17:05:26.0,80.0
17:05:27.0,83.0
17:05:28.0,90.0
17:05:29.0,207.0
17:05:30.0,127.0
17:05:31.0,71.0
17:05:32.0,45.0
17:05:33.0,231.0
17:05:34.0,136.0
17:05:35.0,154.0
17:05:36.0,209.0
17:05:37.0,204.0
17:05:38.0,144.0
17:05:39.0,303.0
17:05:40.0,340.0
17:05:41.0,202.0
17:05:42.0,221.0
17:05:43.0,194.0
17:05:44.0,189.0
17:05:45.0,141.0
17:05:46.0,189.0
17:05:47.0,122.0
17:05:48.0,87.0
17:05:49.0,77.0
17:05:50.0,350.0
17:05:51.0,70.0
17:05:52.0,30.0
17:05:53.0,174.0
17:05:54.0,338.0
17:05:55.0,222.0
17:05:56.0,120.0
17:05:57.0,186.0
17:05:58.0,187.0
17:05:59.0,93.0
17:06:00.0,190.0
17:06:01.0,172.0
17:06:02.0,222.0
17:06:03.0,95.0
17:06:04.0,225.0
17:06:05.0,229.0
17:06:06.0,109.0
17:06:07.0,426.0
17:06:08.0,134.0
17:06:09.0,141.0
17:06:10.0,112.0
17:06:11.0,207.0
17:06:12.0,79.0
17:06:13.0,65.0
17:06:14.0,136.0
17:06:15.0,154.0
17:06:16.0,124.0
17:06:17.0,122.0
17:06:18.0,260.0
17:06:19.0,158.0
17:06:20.0,101.0
17:06:21.0,348.0
17:06:22.0,204.0
17:06:23.0,368.0
17:06:24.0,110.0
17:06:25.0,124.0
17:06:26.0,150.0
17:06:27.0,107.0
17:06:28.0,248.0
17:06:29.0,134.0
17:06:30.0,142.0
17:06:31.0,83.0
17:06:32.0,380.0
17:06:33.0,75.0
17:06:34.0,84.0
17:06:35.0,159.0
17:06:36.0,115.0
17:06:37.0,303.0
17:06:38.0,161.0
17:06:39.0,248.0
17:06:40.0,86.0
17:06:41.0,62.0
17:06:42.0,174.0
17:06:43.0,264.0
17:06:44.0,214.0
17:06:45.0,25.0
17:06:46.0,456.0
17:06:47.0,136.0
17:06:48.0,65.0
17:06:49.0,155.0
17:06:50.0,358.0
17:06:51.0,183.0
17:06:52.0,72.0
17:06:53.0,233.0
17:06:54.0,196.0
17:06:55.0,32.0
17:06:56.0,130.0
17:06:57.0,170.0
17:06:58.0,175.0
17:06:59.0,55.0
17:07:00.0,354.0
17:07:01.0,251.0
17:07:02.0,26.0
17:07:03.0,178.0
17:07:04.0,117.0
17:07:05.0,298.0
17:07:06.0,114.0
17:07:07.0,236.0
17:07:08.0,94.0
17:07:09.0,110.0
17:07:10.0,200.0
17:07:11.0,191.0
17:07:12.0,160.0
17:07:13.0,32.0
17:07:14.0,334.0
17:07:15.0,141.0
17:07:16.0,141.0
17:07:17.0,163.0
17:07:18.0,142.0
17:07:19.0,227.0
17:07:20.0,68.0
17:07:21.0,234.0
17:07:22.0,142.0
17:07:23.0,154.0
17:07:24.0,249.0
17:07:25.0,192.0
17:07:26.0,517.0
17:07:27.0,30.0
17:07:28.0,201.0
17:07:29.0,308.0
17:07:30.0,143.0
17:07:31.0,171.0
17:07:32.0,105.0
17:07:33.0,265.0
17:07:34.0,37.0
17:07:35.0,199.0
17:07:36.0,130.0
17:07:37.0,45.0
17:07:38.0,268.0
17:07:39.0,66.0
17:07:40.0,172.0
17:07:41.0,91.0
17:07:42.0,512.0
17:07:43.0,139.0
17:07:44.0,54.0
17:07:45.0,227.0
17:07:46.0,200.0
17:07:47.0,176.0
17:07:48.0,86.0
17:07:49.0,254.0
17:07:50.0,166.0
17:07:51.0,117.0
17:07:52.0,87.0
17:07:53.0,176.0
17:07:54.0,412.0
17:07:55.0,23.0
17:07:56.0,140.0
17:07:57.0,205.0
17:07:58.0,190.0
17:07:59.0,69.0
17:08:00.0,184.0
17:08:01.0,353.0
17:08:02.0,153.0
17:08:03.0,322.0
17:08:04.0,263.0
17:08:05.0,118.0
17:08:06.0,199.0
17:08:07.0,130.0
17:08:08.0,155.0
17:08:09.0,90.0
17:08:10.0,182.0
17:08:11.0,70.0
17:08:12.0,83.0
17:08:13.0,133.0
17:08:14.0,87.0
17:08:15.0,187.0
17:08:16.0,107.0
17:08:17.0,133.0
17:08:18.0,159.0
17:08:19.0,105.0
17:08:20.0,95.0
17:08:21.0,152.0
17:08:22.0,233.0
17:08:23.0,125.0
17:08:24.0,287.0
17:08:25.0,102.0
17:08:26.0,133.0
17:08:27.0,118.0
17:08:28.0,219.0
17:08:29.0,237.0
17:08:30.0,340.0
17:08:31.0,377.0
17:08:32.0,201.0
17:08:33.0,88.0
17:08:34.0,204.0
17:08:35.0,158.0
17:08:36.0,159.0
17:08:37.0,251.0
17:08:38.0,187.0
17:08:39.0,67.0
17:08:40.0,36.0
17:08:41.0,185.0
17:08:42.0,121.0
17:08:43.0,218.0
17:08:44.0,212.0
17:08:45.0,202.0
17:08:46.0,398.0
17:08:47.0,108.0
17:08:48.0,150.0
17:08:49.0,95.0
17:08:50.0,250.0
17:08:51.0,232.0
17:08:52.0,180.0
17:08:53.0,122.0
17:08:54.0,50.0
17:08:55.0,192.0
17:08:56.0,124.0
17:08:57.0,317.0
17:08:58.0,521.0
17:08:59.0,108.0
17:09:00.0,43.0
17:09:01.0,145.0
17:09:02.0,240.0
17:09:03.0,120.0
17:09:04.0,135.0
17:09:05.0,168.0
17:09:06.0,229.0
17:09:07.0,103.0
17:09:08.0,72.0
17:09:09.0,192.0
17:09:10.0,307.0
17:09:11.0,238.0
17:09:12.0,147.0
17:09:13.0,297.0
17:09:14.0,193.0
17:09:15.0,95.0
17:09:16.0,94.0
17:09:17.0,201.0
17:09:18.0,101.0
17:09:19.0,197.0
17:09:20.0,144.0
17:09:21.0,132.0
17:09:22.0,39.0
17:09:23.0,264.0
17:09:24.0,71.0
17:09:25.0,311.0
17:09:26.0,365.0
17:09:27.0,252.0
17:09:28.0,206.0
17:09:29.0,69.0
17:09:30.0,150.0
17:09:31.0,175.0
17:09:32.0,206.0
17:09:33.0,120.0
17:09:34.0,261.0
17:09:35.0,283.0
17:09:36.0,68.0
17:09:37.0,124.0
17:09:38.0,167.0
17:09:39.0,227.0
17:09:40.0,127.0
17:09:41.0,290.0
17:09:42.0,192.0
17:09:43.0,42.0
17:09:44.0,137.0
17:09:45.0,171.0
17:09:46.0,204.0
17:09:47.0,301.0
17:09:48.0,289.0
17:09:49.0,107.0
17:09:50.0,37.0
17:09:51.0,192.0
17:09:52.0,174.0
17:09:53.0,221.0
17:09:54.0,174.0
17:09:55.0,136.0
17:09:56.0,84.0
17:09:57.0,58.0
17:09:58.0,120.0
17:09:59.0,157.0
17:10:00.0,115.0
17:10:01.0,322.0
17:10:02.0,209.0
17:10:03.0,225.0
17:10:04.0,131.0
17:10:05.0,116.0
17:10:06.0,200.0
17:10:07.0,325.0
17:10:08.0,429.0
17:10:09.0,222.0
17:10:10.0,95.0
17:10:11.0,90.0
17:10:12.0,250.0
17:10:13.0,148.0
17:10:14.0,144.0
17:10:15.0,429.0
17:10:16.0,253.0
17:10:17.0,90.0
17:10:18.0,94.0
17:10:19.0,307.0
17:10:20.0,59.0
17:10:21.0,150.0
17:10:22.0,163.0
17:10:23.0,207.0
17:10:24.0,103.0
17:10:25.0,67.0
17:10:26.0,162.0
17:10:27.0,50.0
17:10:28.0,173.0
17:10:29.0,122.0
17:10:30.0,140.0
17:10:31.0,78.0
17:10:32.0,93.0
17:10:33.0,147.0
17:10:34.0,208.0
17:10:35.0,243.0
17:10:36.0,371.0
17:10:37.0,160.0
17:10:38.0,77.0
17:10:39.0,195.0
17:10:40.0,193.0
17:10:41.0,273.0
17:10:42.0,117.0
17:10:43.0,399.0
17:10:44.0,221.0
17:10:45.0,129.0
17:10:46.0,113.0
17:10:47.0,141.0
17:10:48.0,175.0
17:10:49.0,186.0
17:10:50.0,217.0
17:10:51.0,220.0
17:10:52.0,68.0
17:10:53.0,143.0
17:10:54.0,41.0
17:10:55.0,208.0
17:10:56.0,214.0
17:10:57.0,284.0
17:10:58.0,125.0
17:10:59.0,113.0
17:11:00.0,86.0
17:11:01.0,139.0
17:11:02.0,163.0
17:11:03.0,262.0
17:11:04.0,363.0
17:11:05.0,212.0
17:11:06.0,83.0
17:11:07.0,183.0
17:11:08.0,166.0
17:11:09.0,172.0
17:11:10.0,191.0
17:11:11.0,296.0
17:11:12.0,232.0
17:11:13.0,42.0
17:11:14.0,85.0
17:11:15.0,104.0
17:11:16.0,305.0
17:11:17.0,149.0
17:11:18.0,334.0
17:11:19.0,217.0
17:11:20.0,138.0
17:11:21.0,75.0
17:11:22.0,116.0
17:11:23.0,123.0
17:11:24.0,281.0
17:11:25.0,173.0
17:11:26.0,235.0
17:11:27.0,74.0
17:11:28.0,124.0
17:11:29.0,95.0
17:11:30.0,247.0
17:11:31.0,214.0
17:11:32.0,64.0
17:11:33.0,542.0
17:11:34.0,119.0
17:11:35.0,163.0
17:11:36.0,83.0
17:11:37.0,199.0
17:11:38.0,262.0
17:11:39.0,177.0
17:11:40.0,138.0
17:11:41.0,50.0
17:11:42.0,103.0
17:11:43.0,62.0
17:11:44.0,156.0
17:11:45.0,245.0
17:11:46.0,171.0
17:11:47.0,447.0
17:11:48.0,298.0
17:11:49.0,142.0
17:11:50.0,99.0
17:11:51.0,223.0
17:11:52.0,269.0
17:11:53.0,361.0
17:11:54.0,218.0
17:11:55.0,227.0
17:11:56.0,241.0
17:11:57.0,26.0
17:11:58.0,220.0
17:11:59.0,236.0
17:12:00.0,131.0
17:12:01.0,141.0
17:12:02.0,183.0
17:12:03.0,132.0
17:12:04.0,52.0
17:12:05.0,145.0
17:12:06.0,214.0
17:12:07.0,157.0
17:12:08.0,148.0
17:12:09.0,118.0
17:12:10.0,118.0
17:12:11.0,70.0
17:12:12.0,151.0
17:12:13.0,125.0
17:12:14.0,108.0
17:12:15.0,150.0
17:12:16.0,329.0
17:12:17.0,77.0
17:12:18.0,166.0
17:12:19.0,194.0
17:12:20.0,275.0
17:12:21.0,102.0
17:12:22.0,383.0
17:12:23.0,269.0
17:12:24.0,74.0
17:12:25.0,59.0
17:12:26.0,213.0
17:12:27.0,336.0
17:12:28.0,44.0
17:12:29.0,252.0
17:12:30.0,103.0
17:12:31.0,109.0
17:12:32.0,43.0
17:12:33.0,349.0
17:12:34.0,129.0
17:12:35.0,56.0
17:12:36.0,397.0
17:12:37.0,197.0
17:12:38.0,219.0
17:12:39.0,21.0
17:12:40.0,294.0
17:12:41.0,233.0
17:12:42.0,85.0
17:12:43.0,178.0
17:12:44.0,259.0
17:12:45.0,128.0
17:12:46.0,46.0
17:12:47.0,308.0
17:12:48.0,251.0
17:12:49.0,106.0
17:12:50.0,280.0
17:12:51.0,301.0
17:12:52.0,120.0
17:12:53.0,41.0
17:12:54.0,185.0
17:12:55.0,188.0
17:12:56.0,115.0
17:12:57.0,134.0
17:12:58.0,147.0
17:12:59.0,100.0
17:13:00.0,41.0
17:13:01.0,263.0
17:13:02.0,179.0
17:13:03.0,108.0
17:13:04.0,155.0
17:13:05.0,189.0
17:13:06.0,191.0
17:13:07.0,96.0
17:13:08.0,424.0
17:13:09.0,178.0
17:13:10.0,62.0
17:13:11.0,216.0
17:13:12.0,207.0
17:13:13.0,123.0
17:13:14.0,70.0
17:13:15.0,230.0
17:13:16.0,186.0
17:13:17.0,64.0
17:13:18.0,95.0
17:13:19.0,343.0
17:13:20.0,239.0
17:13:21.0,55.0
17:13:22.0,171.0
17:13:23.0,371.0
17:13:24.0,107.0
17:13:25.0,211.0
17:13:26.0,239.0
17:13:27.0,108.0
17:13:28.0,48.0
17:13:29.0,197.0
17:13:30.0,166.0
17:13:31.0,88.0
17:13:32.0,105.0
17:13:33.0,169.0
17:13:34.0,112.0
17:13:35.0,151.0
17:13:36.0,187.0
17:13:37.0,190.0
17:13:38.0,196.0
17:13:39.0,445.0
17:13:40.0,275.0
17:13:41.0,96.0
17:13:42.0,53.0
17:13:43.0,287.0
17:13:44.0,285.0
17:13:45.0,129.0
17:13:46.0,149.0
17:13:47.0,481.0
17:13:48.0,36.0
17:13:49.0,5.0
17:13:50.0,270.0
17:13:51.0,225.0
17:13:52.0,101.0
17:13:53.0,171.0
17:13:54.0,209.0
17:13:55.0,63.0
17:13:56.0,26.0
17:13:57.0,130.0
17:13:58.0,161.0
17:13:59.0,235.0
17:14:00.0,86.0
17:14:01.0,254.0
17:14:02.0,110.0
17:14:03.0,86.0
17:14:04.0,112.0
17:14:05.0,253.0
17:14:06.0,210.0
17:14:07.0,251.0
17:14:08.0,379.0
17:14:09.0,58.0
17:14:10.0,128.0
17:14:11.0,152.0
17:14:12.0,324.0
17:14:13.0,77.0
17:14:14.0,213.0
17:14:15.0,301.0
17:14:16.0,123.0
17:14:17.0,42.0
17:14:18.0,237.0
17:14:19.0,185.0
17:14:20.0,192.0
17:14:21.0,81.0
17:14:22.0,152.0
17:14:23.0,147.0
17:14:24.0,126.0
17:14:25.0,81.0
17:14:26.0,215.0
17:14:27.0,67.0
17:14:28.0,268.0
17:14:29.0,178.0
17:14:30.0,140.0
17:14:31.0,99.0
17:14:32.0,184.0
17:14:33.0,214.0
17:14:34.0,229.0
17:14:35.0,181.0
17:14:36.0,195.0
17:14:37.0,92.0
17:14:38.0,98.0
17:14:39.0,145.0
17:14:40.0,270.0
17:14:41.0,57.0
17:14:42.0,334.0
17:14:43.0,151.0
17:14:44.0,216.0
17:14:45.0,93.0
17:14:46.0,198.0
17:14:47.0,238.0
17:14:48.0,145.0
17:14:49.0,164.0
17:14:50.0,132.0
17:14:51.0,169.0
17:14:52.0,24.0
17:14:53.0,36.0
17:14:54.0,332.0
17:14:55.0,157.0
17:14:56.0,178.0
17:14:57.0,136.0
17:14:58.0,196.0
17:14:59.0,85.0
17:15:00.0,135.0
17:15:01.0,296.0
17:15:02.0,244.0
17:15:03.0,354.0
17:15:04.0,131.0
17:15:05.0,168.0
17:15:06.0,72.0
17:15:07.0,126.0
17:15:08.0,285.0
17:15:09.0,179.0
17:15:10.0,320.0
17:15:11.0,107.0
17:15:12.0,102.0
17:15:13.0,111.0
17:15:14.0,187.0
17:15:15.0,378.0
17:15:16.0,75.0
17:15:17.0,145.0
17:15:18.0,234.0
17:15:19.0,251.0
17:15:20.0,40.0
17:15:21.0,102.0
17:15:22.0,300.0
17:15:23.0,149.0
17:15:24.0,105.0
17:15:25.0,92.0
17:15:26.0,173.0
17:15:27.0,34.0
17:15:28.0,39.0
17:15:29.0,288.0
17:15:30.0,283.0
17:15:31.0,160.0
17:15:32.0,217.0
17:15:33.0,151.0
17:15:34.0,118.0
17:15:35.0,92.0
17:15:36.0,472.0
17:15:37.0,191.0
17:15:38.0,65.0
17:15:39.0,230.0
17:15:40.0,200.0
17:15:41.0,203.0
17:15:42.0,59.0
17:15:43.0,272.0
17:15:44.0,67.0
17:15:45.0,69.0
17:15:46.0,268.0
17:15:47.0,202.0
17:15:48.0,61.0
17:15:49.0,20.0
17:15:50.0,328.0
17:15:51.0,127.0
17:15:52.0,100.0
17:15:53.0,154.0
17:15:54.0,196.0
17:15:55.0,99.0
17:15:56.0,129.0
17:15:57.0,383.0
17:15:58.0,218.0
17:15:59.0,55.0
17:16:00.0,617.0
17:16:01.0,142.0
17:16:02.0,56.0
17:16:03.0,83.0
17:16:04.0,300.0
17:16:05.0,210.0
17:16:06.0,55.0
17:16:07.0,201.0
17:16:08.0,168.0
17:16:09.0,92.0
17:16:10.0,99.0
17:16:11.0,213.0
17:16:12.0,283.0
17:16:14.0,225.0
17:16:15.0,241.0
17:16:16.0,101.0
17:16:17.0,18.0
17:16:18.0,360.0
17:16:19.0,164.0
17:16:20.0,95.0
17:16:21.0,396.0
17:16:22.0,123.0
17:16:23.0,122.0
17:16:24.0,57.0
17:16:25.0,422.0
17:16:26.0,76.0
17:16:27.0,124.0
17:16:28.0,117.0
17:16:29.0,205.0
17:16:30.0,40.0
17:16:31.0,127.0
17:16:32.0,271.0
17:16:33.0,86.0
17:16:34.0,17.0
17:16:35.0,538.0
17:16:36.0,133.0
17:16:37.0,55.0
17:16:38.0,41.0
17:16:39.0,322.0
17:16:40.0,226.0
17:16:41.0,86.0
17:16:42.0,122.0
17:16:43.0,200.0
17:16:44.0,41.0
17:16:45.0,82.0
17:16:46.0,430.0
17:16:47.0,114.0
17:16:48.0,2.0
17:16:49.0,327.0
17:16:50.0,234.0
17:16:51.0,121.0
17:16:52.0,106.0
17:16:53.0,182.0
17:16:54.0,149.0
17:16:55.0,137.0
17:16:56.0,179.0
17:16:57.0,62.0
17:16:58.0,57.0
17:16:59.0,51.0
17:17:00.0,137.0
17:17:01.0,188.0
17:17:02.0,160.0
17:17:03.0,273.0
17:17:04.0,174.0
17:17:05.0,90.0
17:17:06.0,181.0
17:17:07.0,538.0
17:17:08.0,173.0
17:17:09.0,103.0
17:17:10.0,250.0
17:17:11.0,166.0
17:17:12.0,90.0
17:17:13.0,55.0
17:17:14.0,253.0
17:17:15.0,195.0
17:17:16.0,50.0
17:17:17.0,338.0
17:17:18.0,119.0
17:17:19.0,170.0
17:17:20.0,47.0
17:17:21.0,143.0
17:17:22.0,208.0
17:17:23.0,254.0
17:17:24.0,176.0
17:17:25.0,106.0
17:17:26.0,50.0
17:17:27.0,143.0
17:17:28.0,106.0
17:17:29.0,159.0
17:17:30.0,15.0
17:17:31.0,74.0
17:17:32.0,47.0
17:17:33.0,166.0
17:17:34.0,174.0
17:17:35.0,167.0
17:17:36.0,156.0
17:17:37.0,217.0
17:17:38.0,717.0
17:17:39.0,106.0
17:17:40.0,125.0
17:17:41.0,37.0
17:17:42.0,225.0
17:17:43.0,108.0
17:17:44.0,153.0
17:17:45.0,137.0
17:17:46.0,122.0
17:17:47.0,75.0
17:17:48.0,108.0
17:17:49.0,317.0
17:17:50.0,314.0
17:17:51.0,6.0
17:17:52.0,458.0
17:17:53.0,103.0
17:17:54.0,322.0
17:17:55.0,68.0
17:17:56.0,256.0
17:17:57.0,170.0
17:17:58.0,151.0
17:17:59.0,200.0
17:18:00.0,65.0
17:18:01.0,66.0
17:18:02.0,22.0
17:18:03.0,304.0
17:18:04.0,288.0
17:18:05.0,127.0
17:18:06.0,180.0
17:18:07.0,133.0
17:18:08.0,150.0
17:18:09.0,222.0
17:18:10.0,249.0
17:18:11.0,136.0
17:18:12.0,50.0
17:18:13.0,210.0
17:18:14.0,82.0
17:18:15.0,173.0
17:18:16.0,44.0
17:18:17.0,194.0
17:18:18.0,179.0
17:18:19.0,144.0
17:18:20.0,292.0
17:18:21.0,163.0
17:18:22.0,145.0
17:18:23.0,147.0
17:18:24.0,327.0
17:18:25.0,173.0
17:18:26.0,97.0
17:18:27.0,117.0
17:18:28.0,109.0
17:18:29.0,164.0
17:18:30.0,107.0
17:18:31.0,95.0
17:18:32.0,333.0
17:18:33.0,59.0
17:18:34.0,241.0
17:18:35.0,368.0
17:18:36.0,232.0
17:18:37.0,64.0
17:18:38.0,113.0
17:18:39.0,373.0
17:18:40.0,120.0
17:18:41.0,180.0
17:18:42.0,137.0
17:18:43.0,128.0
17:18:44.0,32.0
17:18:45.0,82.0
17:18:46.0,512.0
17:18:47.0,5.0
17:18:48.0,176.0
17:18:49.0,231.0
17:18:50.0,253.0
17:18:51.0,99.0
17:18:52.0,123.0
17:18:53.0,291.0
17:18:54.0,120.0
17:18:55.0,65.0
17:18:56.0,123.0
17:18:57.0,172.0
17:18:58.0,30.0
17:18:59.0,84.0
17:19:00.0,326.0
17:19:01.0,95.0
17:19:02.0,81.0
17:19:03.0,476.0
17:19:04.0,230.0
17:19:05.0,53.0
17:19:06.0,308.0
17:19:07.0,364.0
17:19:08.0,148.0
17:19:09.0,98.0
17:19:10.0,291.0
17:19:11.0,98.0
17:19:12.0,81.0
17:19:13.0,115.0
17:19:14.0,198.0
17:19:15.0,46.0
17:19:16.0,58.0
17:19:17.0,175.0
17:19:18.0,268.0
17:19:19.0,54.0
17:19:20.0,118.0
17:19:21.0,287.0
17:19:22.0,217.0
17:19:23.0,52.0
17:19:24.0,154.0
17:19:25.0,143.0
17:19:26.0,86.0
17:19:27.0,53.0
17:19:28.0,432.0
17:19:29.0,52.0
17:19:30.0,131.0
17:19:31.0,517.0
17:19:32.0,147.0
17:19:33.0,114.0
17:19:34.0,112.0
17:19:35.0,346.0
17:19:36.0,100.0
17:19:37.0,165.0
17:19:38.0,213.0
17:19:39.0,176.0
17:19:40.0,90.0
17:19:41.0,169.0
17:19:42.0,545.0
17:19:43.0,33.0
17:19:44.0,176.0
17:19:45.0,241.0
17:19:46.0,263.0
17:19:47.0,78.0
17:19:48.0,123.0
17:19:49.0,317.0
17:19:50.0,118.0
17:19:51.0,69.0
17:19:52.0,202.0
17:19:53.0,224.0
17:19:54.0,62.0
17:19:55.0,87.0
17:19:56.0,491.0
17:19:57.0,86.0
17:19:58.0,174.0
17:19:59.0,197.0
17:20:00.0,168.0
17:20:01.0,59.0
17:20:02.0,108.0
17:20:03.0,231.0
17:20:04.0,140.0
17:20:05.0,95.0
17:20:06.0,263.0
17:20:07.0,169.0
17:20:08.0,90.0
17:20:09.0,138.0
17:20:10.0,434.0
17:20:11.0,139.0
17:20:12.0,83.0
17:20:13.0,267.0
17:20:14.0,236.0
17:20:15.0,68.0
17:20:16.0,97.0
17:20:17.0,462.0
17:20:18.0,52.0
17:20:19.0,79.0
17:20:20.0,195.0
17:20:21.0,272.0
17:20:22.0,83.0
17:20:23.0,85.0
17:20:24.0,321.0
17:20:25.0,91.0
17:20:26.0,146.0
17:20:27.0,372.0
17:20:28.0,133.0
17:20:29.0,113.0
17:20:30.0,67.0
17:20:31.0,498.0
17:20:32.0,142.0
17:20:33.0,61.0
17:20:34.0,308.0
17:20:35.0,244.0
17:20:36.0,88.0
17:20:37.0,60.0
17:20:38.0,342.0
17:20:39.0,101.0
17:20:40.0,39.0
17:20:41.0,167.0
17:20:42.0,249.0
17:20:43.0,144.0
17:20:44.0,81.0
17:20:45.0,347.0
17:20:46.0,106.0
17:20:47.0,79.0
17:20:48.0,460.0
17:20:49.0,212.0
17:20:50.0,45.0
17:20:51.0,54.0
17:20:52.0,368.0
17:20:53.0,158.0
17:20:54.0,155.0
17:20:55.0,162.0
17:20:56.0,361.0
17:20:57.0,93.0
17:20:58.0,37.0
17:20:59.0,346.0
17:21:00.0,242.0
17:21:01.0,61.0
17:21:02.0,215.0
17:21:03.0,160.0
17:21:04.0,183.0
17:21:05.0,106.0
17:21:06.0,131.0
17:21:07.0,136.0
17:21:08.0,98.0
17:21:09.0,111.0
17:21:10.0,77.0
17:21:11.0,225.0
17:21:12.0,7.0
17:21:13.0,133.0
17:21:14.0,232.0
17:21:15.0,253.0
17:21:16.0,405.0
17:21:17.0,176.0
17:21:18.0,160.0
17:21:19.0,179.0
17:21:20.0,211.0
17:21:21.0,214.0
17:21:22.0,120.0
17:21:23.0,171.0
17:21:24.0,139.0
17:21:25.0,198.0
17:21:26.0,80.0
17:21:27.0,253.0
17:21:28.0,434.0
17:21:29.0,47.0
17:21:30.0,232.0
17:21:31.0,86.0
17:21:32.0,241.0
17:21:33.0,97.0
17:21:34.0,127.0
17:21:35.0,164.0
17:21:36.0,147.0
17:21:37.0,63.0
17:21:38.0,75.0
17:21:39.0,223.0
17:21:41.0,60.0
17:21:42.0,286.0
17:21:43.0,305.0
17:21:44.0,239.0
17:21:45.0,97.0
17:21:46.0,342.0
17:21:47.0,109.0
17:21:48.0,432.0
17:21:49.0,237.0
17:21:50.0,294.0
17:21:51.0,175.0
17:21:52.0,140.0
17:21:53.0,344.0
17:21:54.0,37.0
17:21:55.0,224.0
17:21:56.0,331.0
17:21:57.0,65.0
17:21:58.0,147.0
17:21:59.0,116.0
17:22:00.0,257.0
17:22:01.0,68.0
17:22:02.0,36.0
17:22:03.0,229.0
17:22:04.0,156.0
17:22:05.0,67.0
17:22:06.0,39.0
17:22:07.0,313.0
17:22:08.0,42.0
17:22:09.0,83.0
17:22:10.0,209.0
17:22:11.0,170.0
17:22:12.0,96.0
17:22:13.0,130.0
17:22:14.0,239.0
17:22:15.0,71.0
17:22:16.0,170.0
17:22:17.0,163.0
17:22:18.0,204.0
17:22:19.0,108.0
17:22:20.0,92.0
17:22:21.0,275.0
17:22:22.0,86.0
17:22:23.0,121.0
17:22:24.0,99.0
17:22:25.0,230.0
17:22:26.0,96.0
17:22:27.0,159.0
17:22:28.0,340.0
17:22:29.0,79.0
17:22:30.0,275.0
17:22:31.0,348.0
17:22:32.0,158.0
17:22:33.0,37.0
17:22:34.0,137.0
17:22:35.0,333.0
17:22:36.0,110.0
17:22:37.0,32.0
17:22:38.0,399.0
17:22:39.0,165.0
17:22:40.0,31.0
17:22:41.0,37.0
17:22:42.0,476.0
17:22:43.0,45.0
17:22:44.0,84.0
17:22:45.0,179.0
17:22:46.0,344.0
17:22:47.0,77.0
17:22:48.0,95.0
17:22:49.0,198.0
17:22:50.0,246.0
17:22:51.0,100.0
17:22:52.0,331.0
17:22:53.0,138.0
17:22:54.0,57.0
17:22:55.0,42.0
17:22:56.0,379.0
17:22:57.0,47.0
17:22:58.0,107.0
17:22:59.0,141.0
17:23:00.0,144.0
17:23:01.0,29.0
17:23:02.0,185.0
17:23:03.0,184.0
17:23:04.0,55.0
17:23:05.0,33.0
17:23:06.0,193.0
17:23:07.0,213.0
17:23:08.0,109.0
17:23:09.0,97.0
17:23:10.0,284.0
17:23:11.0,63.0
17:23:12.0,80.0
17:23:13.0,482.0
17:23:14.0,98.0
17:23:15.0,85.0
17:23:16.0,89.0
17:23:17.0,389.0
17:23:18.0,40.0
17:23:19.0,48.0
17:23:20.0,147.0
17:23:21.0,130.0
17:23:22.0,90.0
17:23:23.0,72.0
17:23:24.0,264.0
17:23:25.0,19.0
17:23:26.0,31.0
17:23:27.0,283.0
17:23:28.0,170.0
17:23:29.0,125.0
17:23:30.0,110.0
17:23:31.0,299.0
17:23:32.0,94.0
17:23:33.0,146.0
17:23:34.0,179.0
17:23:35.0,148.0
17:23:36.0,53.0
17:23:37.0,106.0
17:23:38.0,167.0
17:23:39.0,32.0
17:23:40.0,37.0
17:23:41.0,149.0
17:23:42.0,67.0
17:23:43.0,91.0
17:23:44.0,87.0
17:23:45.0,364.0
17:23:46.0,35.0
17:23:47.0,128.0
17:23:48.0,203.0
17:23:49.0,152.0
17:23:50.0,72.0
17:23:51.0,64.0
17:23:52.0,170.0
17:23:53.0,77.0
17:23:54.0,64.0
17:23:55.0,373.0
17:23:56.0,51.0
17:23:57.0,170.0
17:23:58.0,94.0
17:23:59.0,368.0
17:24:00.0,56.0
17:24:01.0,69.0
17:24:02.0,465.0
17:24:03.0,40.0
17:24:04.0,30.0
17:24:05.0,102.0
17:24:06.0,225.0
17:24:07.0,94.0
17:24:08.0,10.0
17:24:09.0,339.0
17:24:10.0,35.0
17:24:11.0,66.0
17:24:12.0,59.0
17:24:13.0,269.0
17:24:14.0,31.0
17:24:15.0,30.0
17:24:16.0,361.0
17:24:17.0,93.0
17:24:18.0,47.0
17:24:19.0,90.0
17:24:20.0,120.0
17:24:21.0,95.0
17:24:22.0,15.0
17:24:23.0,333.0
17:24:24.0,57.0
17:24:25.0,26.0
17:24:26.0,54.0
17:24:27.0,321.0
17:24:28.0,71.0
17:24:29.0,16.0
17:24:30.0,243.0
17:24:31.0,70.0
17:24:32.0,76.0
17:24:33.0,20.0
17:24:34.0,120.0
17:24:35.0,31.0
17:24:36.0,55.0
17:24:37.0,73.0
17:24:38.0,106.0
17:24:39.0,124.0
17:24:40.0,78.0
17:24:41.0,169.0
17:24:42.0,48.0
17:24:43.0,78.0
17:24:44.0,371.0
17:24:45.0,36.0
17:24:46.0,69.0
17:24:47.0,27.0
17:24:48.0,106.0
17:24:49.0,84.0
17:24:50.0,76.0
17:24:51.0,190.0
17:24:52.0,71.0
17:24:53.0,37.0
17:24:54.0,32.0
17:24:55.0,386.0
17:24:56.0,82.0
17:24:57.0,5.0
17:24:58.0,202.0
17:24:59.0,84.0
17:25:00.0,59.0
17:25:01.0,27.0
17:25:02.0,71.0
17:25:03.0,68.0
17:25:04.0,4.0
17:25:05.0,63.0
17:25:06.0,61.0
17:25:07.0,52.0
17:25:08.0,18.0
17:25:09.0,45.0
17:25:10.0,56.0
17:25:11.0,78.0
17:25:12.0,125.0
17:25:13.0,87.0
17:25:14.0,133.0
17:25:15.0,62.0
17:25:16.0,195.0
17:25:17.0,23.0
17:25:18.0,6.0
17:25:19.0,128.0
17:25:20.0,75.0
17:25:21.0,48.0
17:25:22.0,124.0
17:25:23.0,48.0
17:25:24.0,42.0
17:25:25.0,20.0
17:25:26.0,107.0
17:25:27.0,85.0
17:25:28.0,105.0
17:25:29.0,153.0
17:25:30.0,171.0
17:25:31.0,100.0
17:25:32.0,42.0
17:25:33.0,92.0
17:25:34.0,66.0
17:25:35.0,38.0
17:25:36.0,56.0
17:25:37.0,44.0
17:25:38.0,38.0
17:25:39.0,6.0
17:25:40.0,114.0
17:25:41.0,93.0
17:25:42.0,44.0
17:25:43.0,58.0
17:25:44.0,78.0
17:25:45.0,63.0
17:25:46.0,19.0
17:25:47.0,105.0
17:25:48.0,94.0
17:25:49.0,113.0
17:25:50.0,55.0
17:25:51.0,129.0
17:25:52.0,44.0
17:25:53.0,4.0
17:25:54.0,138.0
17:25:55.0,46.0
17:25:56.0,89.0
17:25:57.0,111.0
17:25:58.0,56.0
17:25:59.0,48.0
17:26:00.0,10.0
17:26:01.0,60.0
17:26:02.0,47.0
17:26:03.0,25.0
17:26:04.0,58.0
17:26:05.0,67.0
17:26:06.0,131.0
17:26:07.0,22.0
17:26:08.0,97.0
17:26:09.0,33.0
17:26:10.0,78.0
17:26:11.0,83.0
17:26:12.0,132.0
17:26:13.0,134.0
17:26:14.0,37.0
17:26:15.0,43.0
17:26:16.0,37.0
17:26:17.0,45.0
17:26:18.0,57.0
17:26:19.0,32.0
17:26:20.0,68.0
17:26:21.0,66.0
17:26:22.0,80.0
17:26:23.0,61.0
17:26:24.0,61.0
17:26:25.0,69.0
17:26:26.0,28.0
17:26:27.0,160.0
17:26:28.0,71.0
17:26:29.0,79.0
17:26:30.0,30.0
17:26:31.0,92.0
17:26:32.0,54.0
17:26:33.0,12.0
17:26:34.0,120.0
17:26:35.0,67.0
17:26:36.0,118.0
17:26:37.0,47.0
17:26:38.0,50.0
17:26:39.0,96.0
17:26:40.0,16.0
17:26:41.0,100.0
17:26:42.0,66.0
17:26:43.0,26.0
17:26:44.0,79.0
17:26:45.0,65.0
17:26:46.0,67.0
17:26:47.0,36.0
17:26:48.0,104.0
17:26:49.0,46.0
17:26:50.0,15.0
17:26:51.0,106.0
17:26:52.0,24.0
17:26:53.0,101.0
17:26:54.0,28.0
17:26:55.0,37.0
17:26:56.0,93.0
17:26:57.0,18.0
17:26:58.0,18.0
17:26:59.0,112.0
17:27:00.0,19.0
17:27:01.0,23.0
17:27:02.0,98.0
17:27:03.0,14.0
17:27:04.0,70.0
17:27:05.0,94.0
17:27:06.0,61.0
17:27:07.0,47.0
17:27:08.0,65.0
17:27:09.0,61.0
17:27:10.0,40.0
17:27:11.0,46.0
17:27:12.0,45.0
17:27:13.0,75.0
17:27:14.0,23.0
17:27:15.0,40.0
17:27:16.0,19.0
17:27:17.0,51.0
17:27:18.0,33.0
17:27:19.0,26.0
17:27:20.0,30.0
17:27:21.0,12.0
17:27:22.0,12.0
17:27:23.0,16.0
